ds,yhat,yhat_lower,yhat_upper,y
2024-08-01,748.0348010475747,370.1350558483689,1130.534226503766,920.99
2024-08-02,795.8115250884267,422.93676566132035,1177.6794190744338,718.0
2024-08-03,599.9540292805478,207.54331306753923,966.8953134088782,540.8
2024-08-04,731.4082770958487,340.19739411433153,1095.6908620340107,1500.0
2024-08-05,687.4340205115568,298.59374959090627,1029.339375896384,692.98
2024-08-06,721.8819230188158,332.91057305638435,1092.9892590601958,615.27
2024-08-07,910.1979367588808,547.4260699874441,1299.2355946685188,672.6
2024-08-08,1035.8072804959195,656.3752852203224,1397.8748421821003,920.84
2024-08-09,997.3286924977202,643.3690751686847,1377.2797955035726,562.99
2024-08-10,678.059070447426,247.5176279829489,1069.271504553576,255.0
2024-08-11,817.6625727878497,441.71447028214874,1170.0664727240671,1094.8
2024-08-12,899.3484901991027,535.8842381275564,1233.814213303398,860.33
2024-08-13,1004.0998357053635,638.4603453445233,1364.8937704631758,918.99
2024-08-14,960.0251644723904,583.8768675993991,1333.6077889866554,894.6
2024-08-15,996.8092333396082,614.795707969793,1362.412094456542,1175.96
2024-08-16,1175.6272861476905,821.0895075481054,1554.4702970086144,1412.3
2024-08-17,1162.9403299753671,782.2969178465523,1535.3787378464754,1666.0
2024-08-18,1355.2077019019587,976.3280961838501,1709.926313377163,1731.8
2024-08-19,1378.2360935216395,984.3702423053232,1725.9525307137255,1437.8
2024-08-20,1488.8960968682293,1126.116032398946,1884.132717675047,1019.2
2024-08-21,1529.2279707202658,1165.6625995691438,1895.718643396142,1302.78
2024-08-22,1593.159814738666,1207.2096417283526,1954.4398712949499,1123.78
2024-08-23,1747.165137173251,1403.1839672104634,2122.672233249902,2132.0
2024-08-24,1754.6051109557711,1401.954329742335,2124.0792701355294,2712.27
2024-08-25,1910.6907314970163,1541.8694392313857,2302.0181516967377,1712.0
2024-08-26,1843.3941537060127,1446.2443842519451,2217.7717517010637,1204.68
2024-08-27,1858.6732491019188,1462.9135276018194,2233.3844336627308,1695.97
2024-08-28,1890.0864442769418,1502.8929924467811,2220.3315472418617,1974.2
2024-08-29,1935.427909886272,1577.0807081506525,2299.690627021376,2138.0
2024-08-30,1964.4846060709815,1586.7152679840049,2324.0817463555627,1783.2
2024-08-31,1836.238798404821,1454.494369989248,2220.2778299797715,1809.52
2024-09-01,1974.5029947718613,1596.4894068927263,2305.31288411515,2013.0
2024-09-02,1880.2713615536109,1516.1971656891074,2251.389049618068,1937.6
2024-09-03,1805.8411114722335,1441.7250315530864,2176.9580032264007,1065.19
2024-09-04,1711.1116713520444,1364.9900751670161,2098.6336820059996,1796.2
2024-09-05,1705.9346808992964,1298.2842163190353,2086.5719539292154,1583.0
2024-09-06,1826.3942396483753,1445.5318879199124,2205.7749546746386,1506.2
2024-09-07,1880.1434425895397,1507.8108426321069,2264.3159474512427,1957.84
2024-09-08,1976.128999499647,1630.6506353377026,2368.8030920775354,2459.79
2024-09-09,1793.6848390469156,1396.9029366366644,2183.6688599782306,2489.8
2024-09-10,1665.7079127349043,1288.2959198656429,2038.4287722141553,1690.4
2024-09-11,1629.4499398269597,1269.3332007326437,1986.1608084492602,2047.6
2024-09-12,1676.0439288706316,1306.9621581634042,2072.316128638934,1510.4
2024-09-13,1692.5308947136782,1320.4367889765151,2087.8515503771737,1127.2
2024-09-14,1512.2725042331292,1137.5105928840146,1878.010747044641,1586.59
2024-09-15,1596.0654681860462,1210.0092273256053,1939.4505298513502,2107.8
2024-09-16,1541.9350578280623,1190.156559752278,1910.9288016038527,1432.3600000000001
2024-09-17,1496.58962598433,1099.659324852261,1885.5786395160453,1209.78
2024-09-18,1376.3888640245273,1019.4931542073543,1766.4655823994526,1412.8
2024-09-19,1359.4954410337884,1003.794260187625,1727.1618399663196,1376.72
2024-09-20,1417.1446782432124,1070.1004548757237,1809.605784375138,1145.05
2024-09-21,1285.0102940842205,906.4987953921665,1663.7288726435995,1112.4
2024-09-22,1409.7451464485182,1046.658338249369,1784.046011618326,2045.8
2024-09-23,1412.4537749803742,1019.9548704091584,1793.717018451023,1888.6
2024-09-24,1449.2217931903697,1053.3656607589812,1830.17694793996,788.16
2024-09-25,1378.885447335537,1010.6664052410023,1794.7797921468227,929.24
2024-09-26,1372.890924899076,979.9823591420209,1765.3964086248923,978.2
2024-09-27,1522.4357084394053,1155.3953260930577,1893.5227803488435,959.92
2024-09-28,1551.2282164237035,1148.9332589769392,1916.2043164814481,2664.22
2024-09-29,1671.7790040652562,1304.063257952577,2024.1374982432826,1502.8
2024-09-30,1572.5805548507171,1195.9033775063065,1941.584404041758,1234.4
2024-10-01,1617.0759620464523,1243.8844715215916,1992.1754314991017,1455.99
2024-10-02,1554.715768267766,1175.3377726682309,1952.193152014981,2950.0
2024-10-03,1522.257517125778,1157.8939625380483,1862.7639199337093,1378.2
2024-10-04,1522.3443861232058,1134.4373206540731,1891.9521791991951,1692.6
2024-10-05,1438.6896195900115,1049.791748588941,1830.0255845177783,1687.1
2024-10-06,1483.0636742346871,1092.592080532008,1860.6117818380123,1517.6
2024-10-07,1478.1415476261345,1079.7989921677065,1823.3519198620604,864.0
2024-10-08,1419.8520469443595,1053.625058517247,1782.3643040400477,823.2
2024-10-09,1243.3028486134133,891.7871530999593,1605.1126678578319,710.59
2024-10-10,1059.0979987728474,667.5182473383957,1436.141377340562,1230.84
2024-10-11,1085.5658324140686,705.855328514361,1460.2603042980263,1169.39
2024-10-12,1096.369389543836,713.6047185977461,1473.4448872934063,1487.6
2024-10-13,1164.7608367666116,799.7419608177871,1520.372419040165,1512.0
2024-10-14,1137.637642372562,763.5111221584176,1504.037002280276,1432.8
2024-10-15,1125.187680752789,769.2971612984522,1498.8994532865165,920.6
2024-10-16,1114.7161456757542,746.577550679713,1483.6960822022895,1175.12
2024-10-17,1109.0361490591042,732.1236827594674,1505.9898812176632,559.2
2024-10-18,1101.4049117941966,701.2394713236938,1478.183739924166,1290.72
2024-10-19,1048.93985986332,692.5209559611765,1454.52606415003,1644.6
2024-10-20,1062.8874798408497,705.5970868121907,1436.4934988177856,1041.2
2024-10-21,1014.332764595848,656.8992714889491,1388.1043442920395,634.6
2024-10-22,1026.0995352524153,663.63478903859,1401.980794374191,1612.88
2024-10-23,1032.3796081664439,651.4500825274612,1420.1928391151723,716.4
2024-10-24,1050.4705267612524,681.7547264566425,1400.1993304702012,955.8
2024-10-25,1058.532183462613,647.8256288350406,1443.2801224750347,936.32
2024-10-26,996.1740373837476,634.5690732137938,1375.9040057602713,800.5
2024-10-27,1008.8512296218557,658.787592746885,1390.2504913312262,1089.72
2024-10-28,981.2144353246009,594.6377140369218,1329.9345391181125,1102.12
2024-10-29,956.3978265862565,543.7297867868214,1323.0237172664206,632.6
2024-10-30,893.1697208160053,544.4275275555083,1278.1254452683827,588.65
2024-10-31,834.1510465423598,433.6999347133139,1184.8094649452717,428.2
2024-11-01,828.8453876112782,459.39862425706656,1190.6320721486047,960.76
2024-11-02,732.6141022882617,367.69550733092376,1095.9437986674125,964.92
2024-11-03,840.3583335958016,467.7823624728976,1211.9106357175262,1008.6
2024-11-04,854.3546336816363,474.29230881610215,1254.788373348973,785.32
2024-11-05,906.6695887993454,550.7282225957644,1279.2918923216362,1694.4
2024-11-06,917.3137674490275,546.189419169263,1306.5585353727859,493.4
2024-11-07,1003.5983731975263,623.9892265507453,1377.697074084796,2154.6
2024-11-08,1012.5186581043001,627.4410024669186,1349.8472759764036,340.0
2024-11-09,745.2085982655522,395.3870743522813,1116.151856535219,834.8
2024-11-10,679.8755806039542,296.52405821310697,1045.5899736796982,699.17
2024-11-11,592.2900409816165,219.89643120634167,963.8256252604561,399.8
2024-11-12,614.2594771395522,237.92900595667516,1016.2300218216702,541.36
2024-11-13,507.9885412887144,161.05137059417225,858.7142342319235,371.4
2024-11-14,407.8672097623241,17.57501534676758,791.2110175708243,852.8
2024-11-15,468.2749168924977,109.3945370377457,848.5119460706223,195.2
2024-11-16,382.52713787479274,-8.549284593232716,769.5830091652462,483.8
2024-11-17,578.8504877856816,217.25730358991242,941.9971177770917,865.8
2024-11-18,524.8731095378491,157.73714415695193,907.9252550188388,416.2
2024-11-19,635.8481795134143,247.77544795736864,997.585188721679,880.4
2024-11-20,720.8082669665744,335.81242793548466,1084.528481683284,729.19
2024-11-21,848.2722655589486,452.46455318620116,1248.4578619357983,579.0
2024-11-22,1128.5643449764061,773.6466158533254,1519.584546227883,546.2
2024-11-23,1222.7761004393287,853.7705905578689,1606.2862952519479,1032.8
2024-11-24,1714.5860239948781,1332.4769505150837,2106.2341945367853,996.66
2024-11-25,1708.3770266465738,1334.393614611059,2062.3418262615246,2172.96
2024-11-26,1618.933092914976,1215.3458101898555,2018.803411476154,1580.72
2024-11-27,1591.0593510703284,1226.7075848559841,1958.7108472844773,1903.4
2024-11-28,1669.348890974805,1300.561310787212,2047.1399607899036,2658.6
2024-11-29,2759.8043175825705,2420.718404557765,3125.993671008147,2826.2
2024-11-30,2085.327188395904,1681.4771001645897,2464.130749618232,2111.84
2024-12-01,1868.0620880089643,1499.845607418018,2223.7903384863234,1873.3600000000001
2024-12-02,2241.8936819948676,1872.7504931845033,2592.4791998018272,2298.0
2024-12-03,1159.60781311559,804.1464962122978,1554.1169592240433,1014.8
2024-12-04,939.4186501617352,541.1145527280511,1329.2307658578463,369.8
2024-12-05,801.5073424119743,454.0188058255362,1181.9681947152678,611.4
2024-12-06,686.3026336360525,311.70886853299754,1073.189991151629,405.0
2024-12-07,542.6256481620558,140.27578054384625,898.9148198196635,539.4
2024-12-08,826.9420710903241,468.04622604361134,1198.4164215977607,1001.76
2024-12-09,889.3937243565043,527.2129403552716,1243.4358776682175,1137.84
2024-12-10,867.4037195871332,488.21496873914583,1212.2933579594103,1046.0
2024-12-11,859.9369468407912,475.7504246172903,1229.734179946585,861.4
2024-12-12,1010.8881307997293,623.891175565011,1397.654916252897,912.92
2024-12-13,1195.7404571358566,811.1711461364458,1584.292297936848,582.0
2024-12-14,1021.5451398927804,661.9983260143565,1392.822450729422,1365.4
2024-12-15,1170.1425514932605,823.5697605032577,1543.0818671160182,1513.2
2024-12-16,1124.7218730692557,754.199126726445,1527.0216795378315,990.12
2024-12-17,1128.808845367355,754.6548453836733,1507.0766210475217,1044.19
2024-12-18,963.2990912026844,615.134446017382,1340.0288854449927,558.0
2024-12-19,931.7289250520047,566.0565890352221,1314.836182867115,1959.2
2024-12-20,1121.7883646589348,755.1278007795994,1481.8207765661257,785.8
2024-12-21,869.1943297107777,519.4102527862999,1258.694124388967,764.8
2024-12-22,1137.3788708522077,785.7712717971634,1498.839427460953,1090.76
2024-12-23,1056.7896903015564,688.6355812055447,1412.9741183844596,855.8
2024-12-24,1173.0860266663697,838.0403106840936,1531.2128101403248,976.12
2024-12-25,968.0921133424629,580.2208561555589,1333.260530551271,713.92
2024-12-26,735.3670041489323,335.46875796757166,1093.8802246274704,651.88
2024-12-27,866.7763333214493,494.42654041442944,1229.1134650773342,775.92
2024-12-28,683.9554273686589,309.2197246317278,1052.6810683541496,978.5
2024-12-29,1276.668287362474,915.5225093173441,1630.9244617615107,1273.4
2024-12-30,971.699125080338,574.7652323442234,1327.0033258705726,924.0
2024-12-31,776.9047682534963,401.80432570856397,1146.125411841312,1405.96
2025-01-01,1378.2005305008443,987.7205464883597,1752.8395974761215,1372.6
2025-01-02,1236.2473520254023,854.1743092043403,1610.1142948472457,1230.92
2025-01-03,1273.9565478232144,915.8342525000376,1644.6234031343915,1266.3
2025-01-04,1075.3292411673153,704.6290294463761,1422.8841630700151,1069.4
2025-01-05,1362.3925267817508,997.723939074326,1739.539528009803,1354.72
2025-01-06,1553.3786988840259,1185.3111701803698,1916.795033703203,1545.5
2025-01-07,1205.7095876628866,841.3665988957534,1589.7435997047717,1192.2
2025-01-08,970.0578875057216,610.0474086999008,1332.2515837587885,958.32
2025-01-09,974.3876603479686,589.4704224366365,1341.5578314587915,969.2
2025-01-10,1543.8224654951223,1177.0337084869202,1923.8305917075202,1543.4
2025-01-11,1200.0594419984811,844.97684632118,1572.7012872199352,1199.4
2025-01-12,1136.1122615241056,755.6641208836214,1485.6430941418844,1131.8
2025-01-13,1484.055962674027,1106.2947382631876,1855.848997553047,1482.6100000000001
2025-01-14,646.55553144744,234.87446557770485,1018.8361252725807,644.16
2025-01-15,380.09425974095774,-19.988791651424894,758.7549635598134,209.56
2025-01-16,643.5077784377901,285.45708501353465,998.100201379575,601.32
2025-01-17,1037.326276560569,645.5542114818378,1428.6137599748242,498.2
2025-01-18,260.6220343140643,-94.4437556726767,625.1176683015655,367.8
2025-01-19,1385.4202687879333,1009.8339889374388,1749.4219337052798,1130.2
2025-01-20,1301.719592411809,917.9589784987941,1708.4888511503173,1238.44
2025-01-21,1305.4279353092675,948.7055015623349,1669.4668442844368,2025.0
2025-01-22,1132.4959363084242,782.3654654213959,1495.555925023814,1061.12
2025-01-23,1700.5508351235517,1340.79201346726,2066.294890349131,1462.84
2025-01-24,2500.7822859332427,2145.042827633518,2895.604249322899,3435.48
2025-01-25,1410.3347632893733,1038.1498651772472,1788.6420734435774,1521.3600000000001
2025-01-26,2108.1615007180194,1744.448685993441,2482.9073992332997,2090.2
2025-01-27,1996.7630834312547,1622.8812314637096,2342.815612300322,1850.12
2025-01-28,2523.6193808791068,2112.0555908347274,2913.116146237591,2172.2
2025-01-29,2297.3397344500404,1918.7977451382399,2671.9971000063374,2369.76
2025-01-30,2092.5947246710325,1681.427423539066,2458.9623904044993,2072.6
2025-01-31,2439.3002463699618,2077.660984750514,2822.5020216124285,2166.24
2025-02-01,2359.618426388998,2008.9657956198394,2720.3936193805157,2446.32
2025-02-02,3306.630534684991,2927.32498734486,3668.472278569641,3196.12
2025-02-03,2661.513700695874,2290.7436699518144,3046.885446685236,2416.2
2025-02-04,2830.2120531024916,2453.2106892430115,3216.5561409987267,3219.8
2025-02-05,3510.5232192762874,3165.880359937868,3882.5422209904073,3219.88
2025-02-06,4199.165107835339,3814.8816366098335,4554.433781429212,3923.31
2025-02-07,5334.9204021844635,4963.396599192625,5737.535910941912,6286.5599999999995
2025-02-08,3533.4325911547276,3146.8448958100666,3927.9415802967414,2859.8
2025-02-09,3054.50234225731,2666.3200000744596,3428.8182347434645,3121.4
2025-02-10,2132.6315481422175,1760.3300722345355,2494.5439033529547,2463.14
2025-02-11,2649.240320811448,2307.7682974620234,3029.578523991649,2277.0
2025-02-12,2567.4956707438673,2208.874383820547,2931.561255604657,2821.4
2025-02-13,2137.004373135573,1773.7368198181948,2501.7596327489487,2089.0
2025-02-14,2254.093760002949,1895.2575094342883,2633.1489469333405,2186.48
2025-02-15,1618.4468229823176,1212.6267088984362,2010.9940883619774,1667.8
2025-02-16,2606.916741580418,2218.213625026646,2979.2455209600093,2633.2
2025-02-17,1920.6915558785488,1548.7988116456477,2294.6342962515687,2493.08
2025-02-18,1783.0433279826445,1410.7185845779811,2156.1484163942246,1401.16
2025-02-19,1625.7197998847932,1265.9633316278946,2013.6679892441857,1700.12
2025-02-20,1626.9777878022783,1237.3238889298914,2001.4761989088997,1662.16
2025-02-21,1880.265360726496,1504.5031522931629,2242.3966010635504,1662.92
2025-02-22,1305.300290327048,942.9742127772267,1679.490898297571,1301.72
2025-02-23,2411.46726535083,2018.7532033095622,2775.966279336812,2365.08
2025-02-24,1795.2668907166792,1428.9297982199882,2184.108642428247,1468.96
2025-02-25,1164.1156144945958,799.065345811105,1552.6683810824882,1083.92
2025-02-26,637.3119045387214,254.22133356273673,1011.9543397887841,967.91
2025-02-27,884.1505682270742,497.8002553410121,1257.636961120944,1105.4
2025-02-28,1372.8619757985662,1009.0640343395193,1752.5110030064845,1193.29
2025-03-01,1080.2109721846289,716.7656640413344,1437.8313376556537,1079.21
2025-03-02,1680.6784093745555,1318.1400113469513,2042.9020505675203,1679.4
2025-03-03,1195.96936314425,843.3660360297927,1586.72298237122,1195.8
2025-03-04,1187.970241668861,819.6167908575189,1586.034964210169,1189.6
2025-03-05,1028.4234557996576,652.4632770338877,1392.7599567421737,1030.88
2025-03-06,790.9041048082391,432.33273732704447,1134.7457353842026,797.52
2025-03-07,999.0282749233015,631.3335860284974,1377.0481675669496,1004.6
2025-03-08,1218.8660607515344,841.1161605673616,1578.552774378789,1222.72
2025-03-09,995.4734148800837,611.724523150071,1351.2527324833022,992.8
2025-03-10,1143.9938464532624,755.4890560361304,1514.056576309801,1143.4
2025-03-11,1103.0140248211094,711.9459424274404,1477.3771746571022,1107.8
2025-03-12,1034.0579709152742,639.5517696282055,1383.8951295738118,1042.32
2025-03-13,1158.5324123812118,778.1353673565458,1516.11204794623,1167.2
2025-03-14,795.7688432516196,422.26506285901866,1171.6098207770192,798.8
2025-03-15,562.7350327093092,184.67235339855,921.9590554790798,566.12
2025-03-16,926.4703797436235,549.6625636417266,1265.7092319619192,929.3199999999999
2025-03-17,825.7055124883551,444.93196761942954,1196.1330256330143,827.6
2025-03-18,901.9139024140962,521.747145449,1265.4658206063189,904.0
2025-03-19,576.2644510167034,234.21117971693835,960.6351629903206,576.2
2025-03-20,779.9464452388241,415.3088888043682,1157.8950370997984,780.6
2025-03-21,779.404111091708,420.6600395762264,1118.711864522482,778.72
2025-03-22,426.7140873919169,56.01263064972097,813.62775741575,425.0
2025-03-23,661.458493462655,286.98242629001504,1021.4853654098455,657.8
2025-03-24,270.4209092652593,-103.62268850000109,647.2849884473467,257.0
2025-03-25,263.09106076342454,-123.03989547012239,639.0622103301002,249.0
2025-03-26,581.7666136515049,189.1613859626229,971.1906335724668,571.3199999999999
2025-03-27,1487.672698234035,1098.032727319341,1849.5265927096834,1488.0
2025-03-28,748.1830398471642,364.25213859517055,1122.8907667893768,741.14
2025-03-29,695.1658253243418,320.66408261465506,1051.4029255566163,691.96
2025-03-30,1136.2038377670478,759.9500922048467,1487.5794199463166,1133.23
2025-03-31,725.0310838854423,373.7474639402868,1096.408178386117,714.25
2025-04-01,1147.8902470129406,747.2272340586086,1501.0957660389402,1146.52
2025-04-02,743.6477040840308,410.1698707170682,1120.8031603440184,740.6
2025-04-03,1035.819281423148,688.1187168672981,1419.8531015787296,1038.4
2025-04-04,1337.0532288887357,965.5190105188517,1717.343207151416,1343.4
2025-04-05,1540.962133232966,1187.162059610858,1901.8003224247557,1553.15
2025-04-06,955.7442853340225,572.068543569411,1334.8222628404878,960.48
2025-04-07,664.5839562706028,288.43612772704836,1033.6698386303644,664.0
2025-04-08,1436.728928120454,1076.2736457037172,1790.0469931727296,1442.26
2025-04-09,926.7613582377223,583.0154153430803,1310.7424512917544,923.6
2025-04-10,648.8361735852437,256.9678721348453,1010.649091200366,642.2
2025-04-11,802.5498982832349,430.38548216971884,1198.3199698314802,802.72
2025-04-12,872.2118935399078,470.2956674519045,1244.9988681266411,878.72
2025-04-13,975.3669582002173,619.3996747886861,1363.5125937203914,975.6
2025-04-14,1278.737786908875,888.2153517146897,1632.0736861815562,1283.36
2025-04-15,1582.4075271172364,1215.0424445417257,1964.4639768244494,1595.8
2025-04-16,1351.609809798756,950.0319006022243,1735.771756077134,1374.12
2025-04-17,1839.3885708691748,1449.0532615358331,2184.8510345318537,1903.3600000000001
2025-04-18,1805.0461473949404,1437.442151433497,2169.6875086046107,1855.92
2025-04-19,994.0353453859243,593.5788132699507,1319.6047021756513,961.2
2025-04-20,1206.5949583259712,832.2342772036161,1586.4705173240443,1177.52
2025-04-21,1395.8651424737889,1029.7277019733021,1760.9799464657879,1398.4
2025-04-22,1012.5114475317173,624.5455308365689,1390.870289431899,920.6
2025-04-23,1068.907807530098,673.1637413797165,1435.8392998869947,999.0
2025-04-24,1155.4258923948444,778.6392116658325,1514.3882514105298,1121.19
2025-04-25,1172.3147121244458,790.0279247163052,1537.775164431149,1147.68
2025-04-26,1017.7934952099678,647.9341027233202,1382.7254156229171,994.12
2025-04-27,1069.7186497269568,694.2118390829144,1430.5894352437992,1041.92
2025-04-28,1280.6790790703085,887.7067346516603,1647.3906368547866,1402.28
2025-04-29,1351.8910394314596,994.3147906225959,1750.4126979713078,1509.0
2025-04-30,1198.471620102519,808.0625464533802,1584.8507145605354,1241.12
2025-05-01,1227.6872769768931,861.9295504121981,1591.9216441382234,1272.72
2025-05-02,1199.5088056421873,817.1767834286894,1607.4971335968762,819.8
2025-05-03,1098.5575250725815,740.4255287122722,1464.5623865081234,1064.52
2025-05-04,1130.2051510383724,761.129361835528,1514.2068792453229,1186.6
2025-05-05,1042.2192902461325,658.9001910551923,1417.657205939161,743.6800000000001
2025-05-06,938.2705839725411,567.5963609078673,1326.8632088087168,1533.68
2025-05-07,910.1309375794981,513.9739825824304,1300.9463731318865,1150.48
2025-05-08,1006.8366912237233,622.7597316371711,1378.2834460863937,1135.72
2025-05-09,1126.4133475269223,742.5090299697661,1508.9816172013943,1100.2
2025-05-10,1061.490143746517,696.3940097005594,1446.9737928595002,748.8
2025-05-11,1032.660023842143,655.9670901280715,1407.6461485336479,448.6
2025-05-12,915.120785477194,543.138593377118,1304.028062450261,1125.4
2025-05-13,917.7548472714446,553.0609442524081,1250.558787454688,912.9200000000001
2025-05-14,927.7631785996144,549.7935902405114,1273.2376441729748,893.52
2025-05-15,911.7299854765963,542.8077079101703,1285.4027074317487,1041.92
2025-05-16,900.978602512906,535.6812400662574,1288.7710184944638,1017.0
2025-05-17,822.5502306945496,458.7272471344613,1203.388948038806,588.0
2025-05-18,916.0972264496953,526.0146642690839,1292.536141085837,923.48
2025-05-19,863.0519065082434,476.29251645233313,1227.6043363426108,891.48
2025-05-20,842.0766628754901,467.88252752219495,1202.4021029484948,912.92
2025-05-21,826.031740539851,438.75901396004446,1190.8012976846637,1413.72
2025-05-22,850.6693323108639,480.1653754923726,1217.8018551623913,712.72
2025-05-23,893.013361234851,503.8820133653836,1276.271518184963,978.52
2025-05-24,825.3207715062667,467.6861461058148,1179.6489599421034,1114.74
2025-05-25,971.1043909659726,589.9111069162265,1349.3375075233882,490.8
2025-05-26,955.3504426583629,601.3561101644964,1355.5093930088344,961.84
2025-05-27,913.3191409194737,524.3637254537153,1286.4561894897665,1178.36
2025-05-28,837.0609567544716,444.6032033003922,1241.8344826078903,658.4
2025-05-29,867.1100860388209,487.52050671871865,1249.7161578376122,639.0
2025-05-30,974.539121487106,599.9366540477167,1325.5457546935106,805.9
2025-05-31,893.8940653409928,489.70237462080627,1245.0953042632132,863.3199999999999
2025-06-01,1062.7211002956478,680.4687185915337,1414.449709088968,1202.6
2025-06-02,987.248804128814,631.27409376205,1353.1330612820154,877.6
2025-06-03,997.4597165254352,612.9151683405545,1366.5950202559325,1017.8
2025-06-04,1270.972259316961,896.8721261963002,1660.925638055644,1390.32
2025-06-05,798.5929762492963,468.92840338913203,1171.711508873138,787.76
2025-06-06,1031.888616488003,615.8400700252555,1422.6839644400247,1077.72
2025-06-07,1043.8943368029334,683.8709275897289,1394.8565756402124,1087.99
2025-06-08,1183.8329339026204,794.842651328273,1568.2347631357256,1021.2
2025-06-09,1207.4080258116103,834.9712117869394,1592.3599966304798,893.6
2025-06-10,1081.5968253944347,701.5912357930172,1473.7132238755285,1182.44
2025-06-11,834.2543378998936,480.5468865558409,1178.707398878749,894.5600000000001
2025-06-12,772.0932570454353,416.2536494176257,1144.2582175630962,1019.88
2025-06-13,918.7440143803839,572.5612418592799,1304.0380370649798,765.6
2025-06-14,847.2589245496118,446.33466812977656,1228.1026320291644,724.84
2025-06-15,929.7338418474137,561.3427563256021,1305.8602878484712,1215.52
2025-06-16,818.753470104942,474.81070139193446,1183.3453215797208,819.6
2025-06-17,840.2116860931621,437.7190326345218,1200.292296099647,819.8
2025-06-18,803.249700768769,431.0332136157759,1183.1844654873396,902.0
2025-06-19,776.7026077076779,412.11511351306615,1153.7438812229218,685.96
2025-06-20,853.7654734520664,479.2804473963365,1197.8263049489926,800.48
2025-06-21,776.0234258169816,372.08326717146593,1129.893249971461,778.76
2025-06-22,954.2438383586149,576.1080053438538,1316.6608986094404,1077.92
2025-06-23,876.1445301368584,500.46753391003045,1259.274690550133,1067.16
2025-06-24,918.0211052968531,549.5923493706074,1310.9153531178408,1038.06
2025-06-25,934.1079857007019,571.3673527979872,1305.937693045774,1095.76
2025-06-26,921.8098701002749,551.1060634209634,1285.7202488619243,843.8
2025-06-27,914.9378489078596,570.4509923717272,1300.239805085107,752.4
2025-06-28,755.112054587594,379.8076535895135,1135.6797926921722,442.3
2025-06-29,1006.1143432524377,637.433824868411,1394.9203321109826,951.32
2025-06-30,978.5517763744177,583.7402214859322,1361.426093482221,711.0
2025-07-01,695.0174188470661,316.6785143434449,1072.9103211599947,651.0
2025-07-02,814.0018246011974,436.42830830580584,1178.489838901676,806.44
2025-07-03,1115.1759272519685,746.5846129432548,1456.5805006763228,1150.92
2025-07-04,1331.1648415209804,951.0714813274438,1700.9763295958144,1384.04
2025-07-05,966.4895380720002,588.0538058912875,1344.6196235397547,1000.12
2025-07-06,2116.415916886419,1726.913008960189,2496.823947320626,2269.48
2025-07-07,1219.4965230622813,856.9480499744006,1573.2037257151137,1279.28
2025-07-08,1407.332183095955,1053.8716211376943,1783.4944641151194,1465.32
2025-07-09,604.6839205863924,221.2864689564129,986.5366827284355,574.16
2025-07-10,847.6833594924959,469.1035002873434,1206.8354003458803,847.57
2025-07-11,668.3765864989047,285.2006472081183,1066.7208756596194,664.32
2025-07-12,614.7146164449186,231.86850137159874,1006.7458543588258,635.6
2025-07-13,756.4869977348839,382.86779135522414,1106.656591051488,771.96
2025-07-14,582.9518402283396,242.03959553517166,973.3439936849259,577.6
2025-07-15,745.0216812444396,366.2862002206842,1141.1703178907455,746.72
2025-07-16,462.83352512198314,98.81905017720088,834.6044507654408,449.4
2025-07-17,1070.3657838703589,696.3478559868162,1416.7134525084628,1101.5
2025-07-18,1094.3206253893825,729.764126033456,1463.5835844042347,1106.8
2025-07-19,873.4647418512817,488.31576876547035,1259.1524705469608,874.44
2025-07-20,959.0248866131245,569.2322883144302,1340.337991055032,950.52
2025-07-21,1212.0081020335815,853.8798374616398,1598.7511990194412,1219.76
2025-07-22,1219.666562837464,850.1398571188104,1608.6714103586007,1215.92
2025-07-23,710.4483112439354,355.48977789879774,1081.7804035960153,673.4
2025-07-24,879.4322999712891,496.61638904753505,1246.8766462981366,853.6
2025-07-25,867.6445812057467,495.2260056869545,1236.6053897618347,828.08
2025-07-26,844.5073962629145,481.51146615545315,1193.9017828900571,811.08
2025-07-27,820.8977089435231,457.2840188893505,1194.7069179783687,781.2
2025-07-28,1054.0947762695598,660.2157544057856,1416.076280046674,1044.39
2025-07-29,783.7430289710995,400.9418557035832,1167.3185461533756,761.99
2025-07-30,889.1302494589276,506.1403517126755,1262.1545693682729,875.96
2025-07-31,980.6732288248515,576.3356087635929,1349.1710260713578,975.24
2025-08-01,1212.6007077609754,817.5157638437829,1578.0872464852262,
2025-08-02,952.8850727772248,593.2764468807902,1329.9409650294501,
2025-08-03,1182.5716132452,787.7584765546261,1553.6713134250997,
2025-08-04,1032.052649271177,670.1000585944727,1383.273633435397,
2025-08-05,983.3526700349265,603.8810917874764,1361.7380591298063,
2025-08-06,772.2182723054476,365.91789488892846,1148.109135905839,
2025-08-07,1083.5820397970338,676.7796834596423,1471.563776519149,
2025-08-08,1645.1667681538215,1212.0745781650517,2045.50709974263,
2025-08-09,1677.66859107349,1237.3728499056833,2123.838641080044,
2025-08-10,1808.6673874163127,1350.3983938778624,2240.902784244024,
2025-08-11,1417.123055134988,981.6226941275305,1832.9146598231034,
2025-08-12,1418.0652183029672,966.892310235135,1899.4211330260468,
2025-08-13,1637.5527496401587,1111.5962230781358,2142.267882060608,
2025-08-14,1910.1864073161337,1320.4955649374422,2506.406172078618,
2025-08-15,2125.887487490339,1482.828614586876,2833.2456442217617,
2025-08-16,2026.6662545401405,1385.4073181619556,2700.589677499418,
2025-08-17,2601.106210000684,1784.0460708210408,3479.675823645062,
2025-08-18,2756.7416400271945,1850.4194601929728,3718.152321616898,
2025-08-19,2943.33907702905,1908.95119430772,4089.734460716542,
2025-08-20,3108.466542154662,1913.4303064419294,4443.792607004289,
2025-08-21,3479.705390501888,1984.1705088761846,5067.445788841702,
2025-08-22,3931.2328762634797,2138.2343447881867,5797.381100114478,
2025-08-23,3952.5307875806407,2058.3181503672936,5965.3984424313485,
2025-08-24,4614.625537897227,2305.423572751582,7039.185973011123,
2025-08-25,4882.455120831747,2246.9196900789275,7523.849674922716,
2025-08-26,5086.74178414385,2322.4026729413654,7992.09811665014,
2025-08-27,5050.161148890357,2267.1486784699105,8156.775454761585,
2025-08-28,5238.858558108394,2128.5336189847503,8629.795016843076,
2025-08-29,5718.948694457471,2048.6299875321556,9724.372329271373,
2025-08-30,5726.331742337238,1934.8009659054783,9837.929609061153,
2025-08-31,6118.657413710973,1880.423813746528,10608.129214154244,
2025-09-01,6228.984525623706,1621.3761317371723,10993.15331672906,
2025-09-02,6233.616391193572,1606.321349631133,11241.104894177462,
2025-09-03,6109.257691063411,1430.1450957481932,11233.110869556378,
2025-09-04,6042.575462491023,1254.1531583385313,11161.076774835594,
2025-09-05,6149.147583494387,1080.812467190831,11728.678814931733,
2025-09-06,5764.883456179757,763.6156508371173,11091.321415912118,
2025-09-07,6445.162600370477,799.7652593002003,12593.787166010066,
2025-09-08,6582.313742719465,418.5137639817837,13273.095099582413,
2025-09-09,6388.192128949864,301.7187186653852,13084.09578630194,
2025-09-10,5652.411391867157,6.177216395002408,11680.285197938032,
2025-09-11,5128.6049239299455,-213.50945315439503,10791.428029320177,
2025-09-12,5183.846051974642,-301.849281294,11041.584811911209,
2025-09-13,4934.228562323506,-301.74118929406507,10807.078384992583,
2025-09-14,5060.505234413702,-522.5762521440637,11208.180810802007,
2025-09-15,4554.99822652726,-666.9281958244368,10382.326247720941,
2025-09-16,4353.223604503868,-687.1092186433071,9981.841010013723,
2025-09-17,4150.49010907367,-835.6696404368806,9643.147758503617,
2025-09-18,3986.5220862354345,-1117.334192439502,9403.090615730334,
2025-09-19,3977.8631079926913,-1281.903816705766,9559.0921645593,
2025-09-20,3664.322013221984,-1248.2473213539467,9083.859610907235,
2025-09-21,4052.5353473325126,-1414.3995320156662,10127.767249818102,
2025-09-22,3846.6356979560137,-1535.6740954303516,9659.711126023169,
2025-09-23,3861.2724071588946,-1540.3320620261254,9913.472356246337,
2025-09-24,3942.8653068361223,-1746.559366365947,10180.75691961922,
2025-09-25,4126.241373203035,-2067.1111370621857,10764.34150362466,
2025-09-26,4287.437384958664,-2071.8578530840564,11497.53906309826,
2025-09-27,4009.055515732303,-2128.162786904678,10771.397185850408,
2025-09-28,4692.1612854262285,-2682.3581812506022,12835.735208213893,
2025-09-29,4966.717265510513,-3034.2038207823675,13650.343282576187,
2025-09-30,5270.363500644914,-3372.8824099301146,14769.547941550665,
2025-10-01,5655.77302392023,-3969.3368911036096,16023.0563319356,
2025-10-02,5958.475470061046,-4218.988717726344,17143.1408970516,
2025-10-03,6520.371894584802,-4886.452824320505,19117.113978973357,
2025-10-04,6578.294130323547,-5265.468011303982,19514.30891337615,
2025-10-05,7363.691949550811,-6420.748435104957,21817.315552604854,
2025-10-06,7463.685776529119,-6834.460271471941,22311.98751053956,
2025-10-07,8353.11934114697,-7618.052825021409,25284.157528538042,
2025-10-08,9298.515374080409,-9243.210508975022,28519.271111587965,
2025-10-09,10092.665538376505,-10264.369460411162,31725.006459953744,
2025-10-10,10462.277767018913,-11241.298325910568,33736.32116186995,
2025-10-11,10069.403292311037,-11092.008210117661,32448.689431951236,
2025-10-12,10797.614615862029,-12489.504729715693,35210.274083313496,
2025-10-13,11333.227198588444,-13477.735837210452,37687.51094071665,
2025-10-14,11881.765654281191,-14497.398898544436,40072.153862483305,
2025-10-15,11954.621155482275,-15294.661227727735,40999.94677566762,
2025-10-16,12182.43453668247,-15795.296058809832,42354.56684026484,
2025-10-17,12761.839277686215,-16826.547792624966,44786.867696423666,
2025-10-18,12701.186238976707,-17129.48230149889,44970.224990531926,
2025-10-19,13201.998049311736,-18092.341579483447,47414.06951766377,
2025-10-20,13105.784760064349,-18547.234849445114,47430.918562754116,
2025-10-21,13225.468445624612,-19513.57492526971,48310.49320449835,
2025-10-22,13048.311358549616,-19820.549394592585,48122.063153495634,
2025-10-23,12890.71584435747,-20365.145133116446,47410.13101246062,
2025-10-24,13008.663334570405,-21079.100130617266,48322.67930318252,
2025-10-25,12554.639314786693,-20699.452731517285,47093.51547142017,
2025-10-26,12576.652974296128,-21074.1752221269,47351.163622977045,
2025-10-27,11708.559654651819,-20210.802796232074,44783.04760562411,
2025-10-28,11129.735058758388,-19622.523195459664,42751.60698982809,
2025-10-29,10602.071189767998,-18912.80036774395,41237.959478864635,
2025-10-30,10133.951641645252,-18359.936367234546,39687.41599945887,
2025-10-31,9612.127315178446,-18134.434176781393,38086.175344932366,
2025-11-01,8767.396655522738,-16780.900717472243,34769.49865313072,
2025-11-02,8442.707970926202,-16381.496823103285,33724.44311508238,
2025-11-03,7456.759345691789,-14541.906926107311,29992.892895574365,
2025-11-04,6599.9237607672185,-13135.456393545059,26795.873794858297,
2025-11-05,5690.899046421719,-11686.63999384748,23244.177260146684,
2025-11-06,4930.696861286241,-10263.980012492784,20079.74291747818,
2025-11-07,5119.250369344077,-10941.092127738451,21145.277071207467,
2025-11-08,4690.150590159375,-10084.19495038862,19663.97985826982,
2025-11-09,4546.4559353762625,-10042.253862082218,19018.5982768369,
2025-11-10,3198.2228834301063,-7170.237457695458,13469.50593754649,
2025-11-11,2234.958074913852,-5190.736324548629,9370.802225030644,
2025-11-12,1799.624536355401,-4262.644128073982,7777.282545295829,
2025-11-13,1822.4136382283682,-4241.264170585284,7880.90743759694,
2025-11-14,1798.0805167086553,-4303.145758245695,7798.17872606706,
2025-11-15,1038.1678899396127,-2497.120752618216,4458.912875293434,
2025-11-16,1451.472321452982,-3743.7342211919176,6415.916944096792,
2025-11-17,1364.6199647873493,-3429.33011271408,6053.0958316380265,
2025-11-18,1370.5939071491034,-3511.464116664474,6091.116776575414,
2025-11-19,1239.7935865439288,-3258.369756458536,5613.519292195089,
2025-11-20,1531.9868796197457,-3984.1448205513657,6887.4292092824435,
2025-11-21,2122.7779251377174,-5578.929590169298,9484.237471278602,
2025-11-22,1960.0985479302587,-5266.545331894331,9011.549698332137,
2025-11-23,2786.3837044853813,-7572.913536709626,12820.857018062145,
2025-11-24,3097.894142717231,-8491.607614519922,14162.236711531888,
2025-11-25,3496.6150609500137,-9723.008496656052,16250.89374205777,
2025-11-26,3412.4541866310683,-9723.329882408134,16167.15626354939,
2025-11-27,3512.9253954715286,-10163.645459490297,16554.786007178776,
2025-11-28,7015.248305753559,-20157.499288468694,33711.52144501692,
2025-11-29,6212.5738492240125,-18266.64380034223,30124.542131305523,
2025-11-30,6003.052461307975,-18092.956497367388,29269.883398568534,
2025-12-01,8572.961071519894,-26167.148839629095,42354.651906004605,
2025-12-02,5157.990202610814,-15501.463356918095,25566.892077021505,
2025-12-03,4996.437002602025,-15440.705756290421,24969.037800512084,
2025-12-04,4948.483549275734,-15271.440544206473,24692.03360110844,
2025-12-05,5088.585605985491,-15868.089865931977,25476.13453826602,
2025-12-06,4314.2393460514695,-13549.99385874023,21704.721554206666,
2025-12-07,5291.526805075786,-16766.820912250325,26934.55200581225,
2025-12-08,5687.281065517553,-18280.497520884506,29035.826958085236,
2025-12-09,5839.534597325031,-19100.349142714895,30103.420874058993,
2025-12-10,4985.269139430718,-16453.26792033271,25753.77105218187,
2025-12-11,4012.057603230208,-13211.533636836593,20801.96343595691,
2025-12-12,3809.497245892339,-12552.517449011699,19957.56843728717,
2025-12-13,3454.096920415661,-11643.678691784557,18244.319978022035,
2025-12-14,3930.7922281882684,-13239.737460213044,20887.325529537877,
2025-12-15,3208.3021430059457,-11125.257790749813,17147.9731082716,
2025-12-16,2757.737933397847,-9588.414158954478,14814.069677357636,
2025-12-17,2425.9697051834996,-8522.974411386642,13084.886858272914,
2025-12-18,2272.0979089761668,-7985.331881357859,12288.78897419309,
2025-12-19,2210.181537756807,-7996.826101866439,11969.58459965179,
2025-12-20,1555.7706360940585,-5631.7787138213935,8509.7399215033,
2025-12-21,2102.3014880584647,-7713.65775879885,11599.514719025201,
2025-12-22,1740.6242834290788,-6401.319497969997,9702.33760906462,
2025-12-23,1526.1247823575266,-5592.476252706967,8664.67357045568,
2025-12-24,1356.163745214005,-4939.44548454224,7635.903777059895,
2025-12-25,1513.4793779136062,-5742.165643866379,8695.947054609534,
2025-12-26,1635.1500719664018,-6048.608581871663,9298.946955294297,
2025-12-27,786.916651892187,-3009.742801866783,4454.079542742994,
2025-12-28,1236.6833268991616,-4825.76786750769,7208.223614458292,
2025-12-29,1183.8789010863193,-4606.186242897299,6982.218680338627,
2025-12-30,1281.5503595943242,-4990.093449825064,7402.473154649037,
2025-12-31,919.4222101955529,-3425.656220960683,5321.891032888659,
